<?xml version="1.0" encoding="UTF-8"?>
<project-private xmlns="http://www.netbeans.org/ns/project-private/1">
    <editor-bookmarks xmlns="http://www.netbeans.org/ns/editor-bookmarks/2" lastBookmarkId="0"/>
    <open-files xmlns="http://www.netbeans.org/ns/projectui-open-files/2">
        <group>
            <file>file:/C:/Users/HP/Documents/NetBeansProjects/Airline_Management_System/src/airline_management_system/Cancellation.java</file>
            <file>file:/C:/Users/HP/Documents/NetBeansProjects/Airline_Management_System/src/airline_management_system/Splash.java</file>
            <file>file:/C:/Users/HP/Documents/NetBeansProjects/Airline_Management_System/src/airline_management_system/Passenger.java</file>
            <file>file:/C:/Users/HP/Documents/NetBeansProjects/Airline_Management_System/src/airline_management_system/Flight.java</file>
            <file>file:/C:/Users/HP/Documents/NetBeansProjects/Airline_Management_System/src/airline_management_system/Ticket.java</file>
            <file>file:/C:/Users/HP/Documents/NetBeansProjects/Airline_Management_System/src/airline_management_system/Login_Page.java</file>
        </group>
    </open-files>
</project-private>
